Operação;CPF;Data/hora;UBS;Vacina;Nome (Cidadão);Data de Nascimento (Cidadão);Matrícula (Servidor)
A;22244466671;03/07/2021 15:00;UBS-JM;CoronaVac;Biro Liro;21/03/1955;;
C;22244466671;;;;;;;
A;22244466671;04/07/2021 16:00;UBS-JM;CoronaVac;Biro Liro;21/03/1955;;
R;22244466671;;;;;;501213
A;11111111111;02/07/2021 8:00;UBS-PA;Ad26.COV2.S;Fernando Andrade;25/01/1963;;
R;11111111111;;;;;;4515
A;22222222222;12/07/2021 9:00;UBS-JM;ChAdOx1;João Dias;07/12/1944;;
R;22222222222;;;;;;181365
A;33333333333;13/07/2021 11:15;UBS-JM;CoronaVac;Zé da Glória;30/03/1976;;
R;33333333333;;;;;;501213
A;33333333333;03/08/2021 13:45;UBS-JM;CoronaVac;Zé da Glória;30/03/1976;;
R;33333333333;;;;;;181365
A;44444444444;16/08/2021 14:30;UBS-PA;Ad26.COV2.S;Maria Lúcia;12/09/1967;;
