Cidadão;CPF;Idade;Comunicado
Zé da Glória;333.333.333-33;45;Parabéns, você já tomou as duas doses da vacina CoronaVac!
João Dias;222.222.222-22;77;Atenção aos possíveis efeitos colaterais da vacina ChAdOx1: {"Dor, sensação de calor e vermelhidão": 90%, "Sensação de indisposição de forma geral": 50%, "Febre, dor de cabeça, enjoos (náusea), dor nas articulações, dor muscular": 40%}. Se persistirem, procure a UBS.
Fernando Andrade;111.111.111-11;58;Atenção, de acordo com o estudo disponível em https://www.janssen.com/brasil/Pesquisa-Desenvolvimento-da-vacina-candidata-da-Janssen-contra-COVID-19, não é necessária uma segunda dose da vacina Ad26.COV2.S!
Biro Liro;222.444.666-71;66;Fique atento, você deve agendar para tomar a segunda dose da vacina CoronaVac entre os dias 18/07/2021 e 01/08/2021.
