Operação;CPF;Data/hora;UBS;Vacina;Nome (Cidadão);Data de Nascimento (Cidadão);Matrícula (Servidor)
A;12345678910;30/08/2021 16:00;UBS-GB;Pfizer;João Gomes;28/03/2000;
A;23456789110;02/09/2021 17:00;UBS-JP;Influvac;Patricia Abreu Nunes;10/01/1997;
C;12345678910;;;;;;
R;23456789110;;;;;;10002
A;20191817168;30/09/2021 16:00;UBS-PC;Astrazeneca;Gabriel Barbosa;20/02/1995;
A;20201817169;27/09/2021 18:30;UBS-GB;Dengvaxia;Bruno Henrique;19/10/1994;
A;20211918170;30/09/2021 14:00;UBS-PC;Rabipur;Giorgian de Arrascaeta;04/12/1995;
C;20191817168;;;;;;
R;20201817169;;;;;;10001
R;20211918170;;;;;;10003
A;20211919171;02/10/2021 13:00;UBS-JC;Avaxim;Diego Alves;24/06/1985;
A;20211920172;02/10/2021 13:30;UBS-JC;Havrix;Filipe Luis;18/10/1985;
A;20211921173;03/11/2021 17:00;UBS-GB;Dengvaxia;Willian Arão;02/11/1990;
A;20211922174;15/10/2021 20:00;UBS-JP;Fluquadri;Andreas Pereira;16/09/1994;
A;20211923175;19/10/2021 12:00;UBS-PC;Raivox;Éverton Ribeiro;11/02/1992;
C;20211919171;;;;;;
R;20211920172;;;;;;10004
R;20211922174;;;;;;10005
R;20211923175;;;;;;10003
C;20211921173;;;;;;