Vacina;UBS;Data;Quantidade;Custo por dose;Fonte;
Pfizer;UBS-GB;25/08/2021;350;1,20;F
Influvac;UBS-JP;27/08/2021;450;0,23;E
Astrazeneca;UBS-PC;23/09/2021;575;1,25;F
Dengvaxia;UBS-GB;20/09/2021;430;0,43;E
Rabipur;UBS-PC;18/09/2021;320;0,42;F
Avaxim;UBS-JC;01/10/2021;1150;0,41;F
Havrix;UBS-JC;01/10/2021;3060;1,40;F
Dengvaxia;UBS-GB;02/11/2021;2040;2,29;E
Fluquadri;UBS-JP;13/10/2021;2000;0,32;F
Raivox;UBS-PC;09/10/2021;3000;0,35;E
Pfizer;UBS-JC;03/02/2021;5000;1,29;F
Priorix;UBS-JP;02/03/2021;7000;2,36;F
Stamaril;UBS-GB;14/04/2021;7600;1,43;E
Vaqta;UBS-PC;18/06/2021;3500;1,65;E
Rabipur;UBS-JP;19/08/2021;4200;1,43;E
Influvac;UBS-JC;01/01/2021;3145;2,56;F
Astrazeneca;UBS-GV;02/02/2021;2400;2,76;E
Priorix;UBS-GB;11/12/2021;2300;0,54;F
Avaxim;UBS-JC;07/08/2021;2000;0,54;F
Fluquadri;UBS-PC;03/02/2021;1800;1,32;E
Raivox;UBS-PC;02/04/2021;3000;2,23;E
Vaqta;UBS-JC;09/09/2021;3300;2,43;F
Havrix;UBS-JP;13/12/2021;4300;2,54;E
Stamaril;UBS-GB;30/06/2021;2350;0,76;E
Pfizer;UBS-JC;23/05/2021;2875;0,32;F
Astrazeneca;UBS-JP;04/11/2021;3215;0,65;F
Priorix;UBS-GB;31/03/2021;2450;1,87;F
Rabipur;UBS-PC;01/03/2021;1350;2,56;E
Influvac;UBS-GB;04/01/2021;1375;0,87;E
Dengvaxia;UBS-JP;06/05/2021;2600;1,54;E
Vaqta;UBS-JC;03/02/2021;2000;0,56;F
Raivox;UBS-JP;01/02/2021;1000;0,67;E
Havrix;UBS-PC;04/07/2021;1500;1,87;F
Fluquadri;UBS-GB;23/04/2021;1750;2,34;E
Stamaril;UBS-PC;30/05/2021;1900;1,12;F
Avaxim;UBS-JC;31/12/2021;1800;1,32;E