Nome;Fabricante;Doença;Tipo;Informação Adicional
Pfizer;Pfizer;Corona;D;10-25
Astrazeneca;FioCruz;Corona;E;{"Febre": 50%,"Dor no corpo" : "13,5%","Dor de cabeça" : "52,8%"}
Influvac;InfluOrg;Influenza;U;https://consultaremedios.com.br/influvac/bula
Dengvaxia;DengOrg;Dengue;U;https://consultaremedios.com.br/dengvaxia/bula
Rabipur;RabiOrg;Raiva;E;{"Coceiras" : 20%, "Dores estomacais" : "16,1%", "Tontura": 28%}
Priorix;PriOrg;Sarampo;D;18-30
Stamaril;StaOrg;Febre Amarela;U;https://consultaremedios.com.br/stamaril/p
Fluquadri;FluOrg;Influenza;D;17-23
Avaxim;AvaOrg;Hepatite A;U;https://consultaremedios.com.br/avaxim/p
Havrix;HavOrg;Hepatite A;D;25-31
Vaqta;VaqOrg;Hepatite A;E;{"Náusea": 20%,"Diarréia": "34,6%","Falta de apetite": "13,5%","Febre": 26%}
Raivox;RaiOrg;Raiva;D;10-14